Date,Close,,
2015-03-03,83.37,,
2015-03-04,82.58,,
2015-03-05,83.57,,
2015-03-06,82.59,,
2015-03-09,82.88,,
2015-03-10,82.07,,
2015-03-11,80.69,,
2015-03-12,81.9,,
2015-03-13,81.9,,
2015-03-16,83.29,,
2015-03-17,82.62,,
2015-03-18,82.53,,
2015-03-19,81.52,,
2015-03-20,83.24,,
2015-03-23,83.31,,
2015-03-24,83.05,,
2015-03-25,81.32,,
2015-03-26,81.89,,
2015-03-27,81.35,,
2015-03-30,82.53,,
2015-03-31,82.25,,
2015-04-01,80.71,,
2015-04-02,80.73,,
2015-04-06,80.99,,
2015-04-07,80.5,,
2015-04-08,81.03,,
2015-04-09,80.84,,
2015-04-10,80.65,,
2015-04-13,80.29,,
2015-04-14,80.15,,
2015-04-15,79.74,,
2015-04-16,79.24,,
2015-04-17,77.88,,
2015-04-20,78.14,,
2015-04-21,78.03,,
2015-04-22,78.43,,
2015-04-23,79.18,,
2015-04-24,79.84,,
2015-04-27,79.37,,
2015-04-28,79.1,,
2015-04-29,77.88,,
2015-04-30,78.05,,
2015-05-01,78.6,,
2015-05-04,79.18,,
2015-05-05,78.13,,
2015-05-06,77.65,,
2015-05-07,78.03,,
2015-05-08,78.53,,
2015-05-11,78.1,,
2015-05-12,78.96,,
2015-05-13,78.16,,
2015-05-14,78.72,,
2015-05-15,79.24,,
2015-05-18,79.92,,
2015-05-19,76.43,,
2015-05-20,75.9,,
2015-05-21,76.11,,
2015-05-22,75.86,,
2015-05-26,74.9,,
2015-05-27,75.19,,
2015-05-28,74.84,,
2015-05-29,74.27,,
2015-06-01,74.73,,
2015-06-02,74.53,,
2015-06-03,74.89,,
2015-06-04,74.15,,
2015-06-05,73.06,,
2015-06-08,72.61,,
2015-06-09,72.47,,
2015-06-10,72.93,,
2015-06-11,72.94,,
2015-06-12,72.43,,
2015-06-15,71.93,,
2015-06-16,72.35,,
2015-06-17,72.73,,
2015-06-18,72.98,,
2015-06-19,72.74,,
2015-06-22,72.79,,
2015-06-23,72.57,,
2015-06-24,72.38,,
2015-06-25,71.86,,
2015-06-26,72.12,,
2015-06-29,71.42,,
2015-06-30,70.93,,
2015-07-01,71.88,,
2015-07-02,71.86,,
2015-07-06,72.53,,
2015-07-07,73.79,,
2015-07-08,73.06,,
2015-07-09,72.78,,
2015-07-10,73.12,,
2015-07-13,73.88,,
2015-07-14,73.79,,
2015-07-15,73.65,,
2015-07-16,73.83,,
2015-07-17,73.39,,
2015-07-20,73.1,,
2015-07-21,72.74,,
2015-07-22,73.16,,
2015-07-23,72.51,,
2015-07-24,71.58,,
2015-07-27,71.38,,
2015-07-28,72.1,,
2015-07-29,72.23,,
2015-07-30,72.16,,
2015-07-31,71.98,,
2015-08-03,72.18,,
2015-08-04,72.25,,
2015-08-05,73.51,,
2015-08-06,72.79,,
2015-08-07,71.25,,
2015-08-10,71.48,,
2015-08-11,71.93,,
2015-08-12,72.58,,
2015-08-13,72.11,,
2015-08-14,72.38,,
2015-08-17,71.91,,
2015-08-18,69.48,,
2015-08-19,68.57,,
2015-08-20,68.43,,
2015-08-21,66.54,,
2015-08-24,63.95,,
2015-08-25,63.1,,
2015-08-26,64.83,,
2015-08-27,66.08,,
2015-08-28,64.94,,
2015-08-31,64.73,,
2015-09-01,63.82,,
2015-09-02,64.44,,
2015-09-03,64.86,,
2015-09-04,63.89,,
2015-09-08,66.38,,
2015-09-09,65.12,,
2015-09-10,64.12,,
2015-09-11,64.65,,
2015-09-14,64.28,,
2015-09-15,64.32,,
2015-09-16,64.69,,
2015-09-17,64.47,,
2015-09-18,63.34,,
2015-09-21,63.72,,
2015-09-22,63.59,,
2015-09-23,63.72,,
2015-09-24,63.83,,
2015-09-25,63.78,,
2015-09-28,63.66,,
2015-09-29,63.78,,
2015-09-30,64.84,,
2015-10-01,64.27,,
2015-10-02,64.98,,
2015-10-05,65.87,,
2015-10-06,65.68,,
2015-10-07,66.36,,
2015-10-08,66.88,,
2015-10-09,66.69,,
2015-10-12,66.93,,
2015-10-13,66.73,,
2015-10-14,60.03,,
2015-10-15,59.33,,
2015-10-16,58.89,,
2015-10-19,58.85,,
2015-10-20,58.75,,
2015-10-21,58.64,,
2015-10-22,58.9,,
2015-10-23,58.3,,
2015-10-26,58.02,,
2015-10-27,57.48,,
2015-10-28,57.64,,
2015-10-29,57.96,,
2015-10-30,57.24,,
2015-11-02,57.61,,
2015-11-03,58.11,,
2015-11-04,58.37,,
2015-11-05,58.61,,
2015-11-06,58.78,,
2015-11-09,58.49,,
2015-11-10,58.68,,
2015-11-11,57.58,,
2015-11-12,56.95,,
2015-11-13,56.42,,
2015-11-16,57.87,,
2015-11-17,59.92,,
2015-11-18,60.93,,
2015-11-19,60.7,,
2015-11-20,60.07,,
2015-11-23,60.26,,
2015-11-24,59.92,,
2015-11-25,60.24,,
2015-11-27,59.89,,
2015-11-30,58.84,,
2015-12-01,58.99,,
2015-12-02,58.35,,
2015-12-03,59.04,,
2015-12-04,59.66,,
2015-12-07,60.5,,
2015-12-08,59.61,,
2015-12-09,59.13,,
2015-12-10,59.56,,
2015-12-11,59.36,,
2015-12-14,60.39,,
2015-12-15,59.64,,
2015-12-16,60.3,,
2015-12-17,58.98,,
2015-12-18,58.85,,
2015-12-21,59.55,,
2015-12-22,60.54,,
2015-12-23,61.09,,
2015-12-24,60.83,,
2015-12-28,60.75,,
2015-12-29,61.61,,
2015-12-30,61.68,,
2015-12-31,61.3,,
2016-01-04,61.46,,
2016-01-05,62.92,,
2016-01-06,63.55,,
2016-01-07,65.03,,
2016-01-08,63.54,,
2016-01-11,64.22,,
2016-01-12,63.62,,
2016-01-13,61.92,,
2016-01-14,63.06,,
2016-01-15,61.93,,
2016-01-19,62.56,,
2016-01-20,60.84,,
2016-01-21,61.88,,
2016-01-22,62.69,,
2016-01-25,63.45,,
2016-01-26,64,,
2016-01-27,63.95,,
2016-01-28,64.22,,
2016-01-29,66.36,,
2016-02-01,67.5,,
2016-02-02,66.86,,
2016-02-03,66.27,,
2016-02-04,66.42,,
2016-02-05,67,,
2016-02-08,66.9,,
2016-02-09,65.81,,
2016-02-10,65.79,,
2016-02-11,65.32,,
2016-02-12,66.18,,
2016-02-16,65.9,,
2016-02-17,66.11,,
2016-02-18,64.12,,
2016-02-19,64.66,,
2016-02-22,65.63,,
2016-02-23,66.48,,
2016-02-24,67.12,,
2016-02-25,68.04,,
2016-02-26,66.51,,
2016-02-29,66.34,,
2016-03-01,66.46,,
2016-03-02,66.21,,
2016-03-03,66.14,,
2016-03-04,66.78,,
2016-03-07,67.89,,
2016-03-08,68.04,,
2016-03-09,67.53,,
2016-03-10,67.41,,
2016-03-11,67.17,,
2016-03-14,67.36,,
2016-03-15,68.09,,
2016-03-16,67.99,,
2016-03-17,67.45,,
2016-03-18,66.95,,
2016-03-21,67.97,,
2016-03-22,67.87,,
2016-03-23,67.46,,
2016-03-24,68,,
2016-03-28,68.12,,
2016-03-29,68.03,,
2016-03-30,68.8,,
2016-03-31,68.49,,
2016-04-01,69.06,,
2016-04-04,69.1,,
2016-04-05,68.64,,
2016-04-06,69.04,,
2016-04-07,68.22,,
2016-04-08,68.06,,
2016-04-11,67.4,,
2016-04-12,68.8,,
2016-04-13,69.15,,
2016-04-14,68.8,,
2016-04-15,69.06,,
2016-04-18,69.86,,
2016-04-19,69.77,,
2016-04-20,69.21,,
2016-04-21,68.47,,
2016-04-22,68.72,,
2016-04-25,69.47,,
2016-04-26,69.3,,
2016-04-27,69.42,,
2016-04-28,68.91,,
2016-04-29,66.87,,
2016-05-02,67.59,,
2016-05-03,67,,
2016-05-04,67.19,,
2016-05-05,67.21,,
2016-05-06,68.25,,
2016-05-09,68.95,,
2016-05-10,68.79,,
2016-05-11,66.41,,
2016-05-12,66.85,,
2016-05-13,64.94,,
2016-05-16,66.02,,
2016-05-17,65.1,,
2016-05-18,63.15,,
2016-05-19,69.2,,
2016-05-20,69.86,,
2016-05-23,69.5,,
2016-05-24,70.24,,
2016-05-25,70.48,,
2016-05-26,70.85,,
2016-05-27,70.75,,
2016-05-31,70.78,,
2016-06-01,70.5,,
2016-06-02,70.95,,
2016-06-03,70.87,,
2016-06-06,71.05,,
2016-06-07,71.03,,
2016-06-08,71.28,,
2016-06-09,71.09,,
2016-06-10,71.14,,
2016-06-13,70.53,,
2016-06-14,70.95,,
2016-06-15,71.12,,
2016-06-16,71.3,,
2016-06-17,70.95,,
2016-06-20,71.1,,
2016-06-21,71.46,,
2016-06-22,71.75,,
2016-06-23,72.1,,
2016-06-24,71.96,,
2016-06-27,71.5,,
2016-06-28,71.51,,
2016-06-29,72.46,,
2016-06-30,73.02,,
2016-07-01,72.81,,
2016-07-05,73.14,,
2016-07-06,73.82,,
2016-07-07,73.53,,
2016-07-08,73.84,,
2016-07-11,74.06,,
2016-07-12,73.27,,
2016-07-13,73.62,,
2016-07-14,73.7,,
2016-07-15,73.67,,
2016-07-18,73.84,,
2016-07-19,73.66,,
2016-07-20,73.79,,
2016-07-21,73.52,,
2016-07-22,73.55,,
2016-07-25,73.75,,
2016-07-26,73.73,,
2016-07-27,73.32,,
2016-07-28,73.24,,
2016-07-29,72.97,,
2016-08-01,73.78,,
2016-08-02,73.13,,
2016-08-03,72.94,,
2016-08-04,73.3,,
2016-08-05,73.76,,
2016-08-08,73.34,,
2016-08-09,73.54,,
2016-08-10,73.95,,
2016-08-11,73.8,,
2016-08-12,73.89,,
2016-08-15,73.32,,
2016-08-16,72.89,,
2016-08-17,72.93,,
2016-08-18,74.3,,
2016-08-19,72.81,,
2016-08-22,72.7,,
2016-08-23,71.97,,
2016-08-24,72.23,,
2016-08-25,71.22,,
2016-08-26,71.14,,
2016-08-29,71.4,,
2016-08-30,71.31,,
2016-08-31,71.44,,
2016-09-01,72.84,,
2016-09-02,72.5,,
2016-09-06,73,,
2016-09-07,72.06,,
2016-09-08,71.83,,
2016-09-09,70.3,,
2016-09-12,71.94,,
2016-09-13,71.46,,
2016-09-14,71.52,,
2016-09-15,72.4,,
2016-09-16,72.87,,
2016-09-19,72.09,,
2016-09-20,71.97,,
2016-09-21,72.19,,
2016-09-22,72.27,,
2016-09-23,72.35,,
2016-09-26,71.62,,
2016-09-27,72.33,,
2016-09-28,71.79,,
2016-09-29,70.73,,
2016-09-30,72.12,,
2016-10-03,72.01,,
2016-10-04,71.75,,
2016-10-05,71.67,,
2016-10-06,69.36,,
2016-10-07,68.7,,
2016-10-10,67.98,,
2016-10-11,67.39,,
2016-10-12,67.46,,
2016-10-13,68.23,,
2016-10-14,68.45,,
2016-10-17,68.22,,
2016-10-18,68.87,,
2016-10-19,68.89,,
2016-10-20,68.73,,
2016-10-21,68.34,,
2016-10-24,69.19,,
2016-10-25,69.36,,
2016-10-26,69.59,,
2016-10-27,69.83,,
2016-10-28,69.99,,
2016-10-31,70.02,,
2016-11-01,69.3,,
2016-11-02,69.45,,
2016-11-03,69.63,,
2016-11-04,69.16,,
2016-11-07,69.78,,
2016-11-08,69.79,,
2016-11-09,71.1,,
2016-11-10,71.39,,
2016-11-11,71.23,,
2016-11-14,70.49,,
2016-11-15,71.42,,
2016-11-16,71.39,,
2016-11-17,69.19,,
2016-11-18,68.54,,
2016-11-21,69.37,,
2016-11-22,70.12,,
2016-11-23,70.83,,
2016-11-25,71.23,,
2016-11-28,71.19,,
2016-11-29,71.37,,
2016-11-30,70.43,,
2016-12-01,70.67,,
2016-12-02,70.88,,
2016-12-05,69.94,,
2016-12-06,70.36,,
2016-12-07,70.6,,
2016-12-08,70.34,,
2016-12-09,70.08,,
2016-12-12,71.67,,
2016-12-13,71.8,,
2016-12-14,71.34,,
2016-12-15,71.08,,
2016-12-16,70.98,,
2016-12-19,71.58,,
2016-12-20,71.82,,
2016-12-21,71.24,,
2016-12-22,69.59,,
2016-12-23,69.54,,
2016-12-27,69.7,,
2016-12-28,69.31,,
2016-12-29,69.26,,
2016-12-30,69.12,,
2017-01-03,68.66,,
2017-01-04,69.06,,
2017-01-05,69.21,,
2017-01-06,68.26,,
2017-01-09,68.71,,
2017-01-10,68.23,,
2017-01-11,68.53,,
2017-01-12,67.97,,
2017-01-13,67.13,,
2017-01-17,68.42,,
2017-01-18,68.11,,
2017-01-19,67.62,,
2017-01-20,67.18,,
2017-01-23,66.65,,
2017-01-24,67.4,,
2017-01-25,66.89,,
2017-01-26,66.73,,
2017-01-27,65.66,,
2017-01-30,66.42,,
2017-01-31,66.74,,
2017-02-01,66.23,,
2017-02-02,66.7,,
2017-02-03,66.5,,
2017-02-06,66.4,,
2017-02-07,66.89,,
2017-02-08,67.81,,
2017-02-09,69.08,,
2017-02-10,68.02,,
2017-02-13,67.77,,
2017-02-14,68.66,,
2017-02-15,68.69,,
2017-02-16,68.87,,
2017-02-17,69.37,,
2017-02-21,71.45,,
2017-02-22,71.71,,
2017-02-23,71.31,,
2017-02-24,72.39,,
2017-02-27,71.74,,
2017-02-28,70.93,,
2017-03-01,70.45,,
2017-03-02,70.76,,
2017-03-03,70.03,,
2017-03-06,69.88,,
2017-03-07,69.87,,
2017-03-08,69.8,,
2017-03-09,69.86,,
2017-03-10,70.1,,
2017-03-13,69.95,,
2017-03-14,70.72,,
2017-03-15,70.58,,
2017-03-16,70.44,,
2017-03-17,69.89,,
2017-03-20,69.98,,
2017-03-21,69.9,,
2017-03-22,70.25,,
2017-03-23,69.86,,
2017-03-24,69.61,,
2017-03-27,69.66,,
2017-03-28,70.32,,
2017-03-29,70.74,,
2017-03-30,71.59,,
2017-03-31,72.08,,
2017-04-03,71.83,,
2017-04-04,72.01,,
2017-04-05,71.65,,
2017-04-06,71.43,,
2017-04-07,72.9,,
2017-04-10,73.06,,
2017-04-11,73.43,,
2017-04-12,73.44,,
2017-04-13,73.15,,
2017-04-17,73.49,,
2017-04-18,73.89,,
2017-04-19,74.07,,
2017-04-20,74.8,,
2017-04-21,74.94,,
2017-04-24,74.78,,
2017-04-25,75.05,,
2017-04-26,75.43,,
2017-04-27,75.44,,
2017-04-28,75.18,,
2017-05-01,75.23,,
2017-05-02,75.52,,
2017-05-03,75.76,,
2017-05-04,76.34,,
2017-05-05,76.5,,
2017-05-08,76.12,,
2017-05-09,76.72,,
2017-05-10,76.7,,
2017-05-11,76.13,,
2017-05-12,75.71,,
2017-05-15,76.29,,
2017-05-16,75.11,,
2017-05-17,75.12,,
2017-05-18,77.54,,
2017-05-19,78.77,,
2017-05-22,78.55,,
2017-05-23,78.49,,
2017-05-24,78.15,,
2017-05-25,78.31,,
2017-05-26,78.13,,
2017-05-30,78.15,,
2017-05-31,78.6,,
2017-06-01,79.81,,
2017-06-02,79.62,,
2017-06-05,80.26,,
2017-06-06,78.93,,
2017-06-07,79.15,,
2017-06-08,78.93,,
2017-06-09,79.42,,
2017-06-12,79.24,,
2017-06-13,79.52,,
2017-06-14,79.9,,
2017-06-15,78.91,,
2017-06-16,75.24,,
2017-06-19,75.5,,
2017-06-20,75.54,,
2017-06-21,76.24,,
2017-06-22,75.52,,
2017-06-23,74.84,,
2017-06-26,75.5,,
2017-06-27,76.01,,
2017-06-28,76.51,,
2017-06-29,75.93,,
2017-06-30,75.68,,
2017-07-03,75.36,,
2017-07-05,75.32,,
2017-07-06,75.47,,
2017-07-07,75.33,,
2017-07-10,73.23,,
2017-07-11,73.47,,
2017-07-12,73.94,,
2017-07-13,75.05,,
2017-07-14,76.34,,
2017-07-17,76.37,,
2017-07-18,76.2,,
2017-07-19,75.87,,
2017-07-20,76.02,,
2017-07-21,76.15,,
2017-07-24,76.89,,
2017-07-25,78.52,,
2017-07-26,78.9,,
2017-07-27,79.78,,
2017-07-28,79.81,,
2017-07-31,79.99,,
2017-08-01,80.5,,
2017-08-02,80.53,,
2017-08-03,80.87,,
2017-08-04,80.48,,
2017-08-07,81.28,,
2017-08-08,81.59,,
2017-08-09,81.61,,
2017-08-10,80.66,,
2017-08-11,80.4,,
2017-08-14,80.7,,
2017-08-15,80.77,,
2017-08-16,80.98,,
2017-08-17,79.7,,
2017-08-18,79.31,,
2017-08-21,79.71,,
2017-08-22,80.02,,
2017-08-23,79.96,,
2017-08-24,78.34,,
2017-08-25,78.63,,
2017-08-28,78.03,,
2017-08-29,78.77,,
2017-08-30,78.54,,
2017-08-31,78.07,,
2017-09-01,78.37,,
2017-09-05,79.8,,
2017-09-06,80.08,,
2017-09-07,80.12,,
2017-09-08,78.88,,
2017-09-11,79.08,,
2017-09-12,79.61,,
2017-09-13,79.86,,
2017-09-14,79.68,,
2017-09-15,80.38,,
2017-09-18,80,,
2017-09-19,80.05,,
2017-09-20,80.5,,
2017-09-21,80.01,,
2017-09-22,79.53,,
2017-09-25,79.15,,
2017-09-26,79.39,,
2017-09-27,79.29,,
2017-09-28,78.95,,
2017-09-29,78.14,,
2017-10-02,78.45,,
2017-10-03,79.22,,
2017-10-04,79.09,,
2017-10-05,79.41,,
2017-10-06,79,,
2017-10-09,80.53,,
2017-10-10,84.13,,
2017-10-11,85.73,,
2017-10-12,86.1,,
2017-10-13,86.62,,
2017-10-16,85.74,,
2017-10-17,85.98,,
2017-10-18,86.22,,
2017-10-19,86.4,,
2017-10-20,87.44,,
2017-10-23,88.65,,
2017-10-24,87.98,,
2017-10-25,88.48,,
2017-10-26,88.62,,
2017-10-27,88.17,,
2017-10-30,86.95,,
2017-10-31,87.31,,
2017-11-01,87.94,,
2017-11-02,88.8,,
2017-11-03,89.68,,
2017-11-06,88.7,,
2017-11-07,88.95,,
2017-11-08,90.26,,
2017-11-09,90.3,,
2017-11-10,90.92,,
2017-11-13,90.99,,
2017-11-14,91.09,,
2017-11-15,89.83,,
2017-11-16,99.62,,
2017-11-17,97.47,,
2017-11-20,97.48,,
2017-11-21,96.52,,
2017-11-22,96.41,,
2017-11-24,96.62,,
2017-11-27,96.62,,
2017-11-28,96.77,,
2017-11-29,97.56,,
2017-11-30,97.23,,
2017-12-01,97.35,,
2017-12-04,97.01,,
2017-12-05,97.83,,
2017-12-06,97.28,,
2017-12-07,96.78,,
2017-12-08,96.55,,
2017-12-11,96.93,,
2017-12-12,96.7,,
2017-12-13,97.76,,
2017-12-14,97.13,,
2017-12-15,97.11,,
2017-12-18,97.9,,
2017-12-19,98.8,,
2017-12-20,98.75,,
2017-12-21,98.06,,
2017-12-22,98.21,,
2017-12-26,99.16,,
2017-12-27,99.26,,
2017-12-28,99.4,,
2017-12-29,98.75,,
2018-01-02,98.59,,
2018-01-03,99.45,,
2018-01-04,99.54,,
2018-01-05,100.13,,
2018-01-08,101.61,,
2018-01-09,100.39,,
2018-01-10,99.67,,
2018-01-11,100.02,,
2018-01-12,100.87,,
2018-01-16,100.69,,
2018-01-17,102.7,,
2018-01-18,104.3,,
2018-01-19,104.59,,
2018-01-22,105.45,,
2018-01-23,105.9,,
2018-01-24,105.79,,
2018-01-25,106.6,,
2018-01-26,108.39,,
2018-01-29,109.55,,
2018-01-30,107.73,,
2018-01-31,106.6,,
2018-02-01,105.52,,
2018-02-02,104.48,,
2018-02-05,100.09,,
2018-02-06,100.9,,
2018-02-07,102.85,,
2018-02-08,100.02,,
2018-02-09,99.37,,
2018-02-12,99.55,,
2018-02-13,100.98,,
2018-02-14,101.7,,
2018-02-15,103.23,,
2018-02-16,104.78,,
2018-02-20,94.11,,
2018-02-21,91.52,,
2018-02-22,92.77,,
2018-02-23,92.89,,
2018-02-26,93.12,,
2018-02-27,91.52,,
2018-02-28,90.01,,
2018-03-01,89.08,,
2018-03-02,88.77,,
2018-03-05,89.98,,
2018-03-06,89.06,,
2018-03-07,87.74,,
2018-03-08,87.92,,
2018-03-09,88.72,,
2018-03-12,88.07,,
2018-03-13,88.3,,
2018-03-14,87.67,,
2018-03-15,87.51,,
2018-03-16,89.17,,
2018-03-19,87.45,,
2018-03-20,87.95,,
2018-03-21,88.18,,
2018-03-22,87.14,,
2018-03-23,85.42,,
2018-03-26,87.5,,
2018-03-27,86.05,,
2018-03-28,87.77,,
2018-03-29,88.97,,
2018-04-02,85.55,,
2018-04-03,86.8,,
2018-04-04,87.22,,
2018-04-05,87.81,,
2018-04-06,86.69,,
2018-04-09,86.28,,
2018-04-10,86.45,,
2018-04-11,85.91,,
2018-04-12,85.43,,
2018-04-13,86.02,,
2018-04-16,86.84,,
2018-04-17,87.9,,
2018-04-18,87.57,,
2018-04-19,87.89,,
2018-04-20,86.98,,
2018-04-23,86.1,,
2018-04-24,86.53,,
2018-04-25,87.17,,
2018-04-26,87.94,,
2018-04-27,87.29,,
2018-04-30,88.46,,
2018-05-01,87.41,,
2018-05-02,86.34,,
2018-05-03,86.23,,
2018-05-04,87.53,,
2018-05-07,85.47,,
2018-05-08,85.74,,
2018-05-09,83.06,,
2018-05-10,82.69,,
2018-05-11,83.38,,
2018-05-14,84.39,,
2018-05-15,84.52,,
2018-05-16,86.13,,
2018-05-17,84.49,,
2018-05-18,83.64,,
2018-05-21,84.51,,
2018-05-22,83.37,,
2018-05-23,83.01,,
2018-05-24,82.85,,
2018-05-25,82.46,,
2018-05-29,82.4,,
2018-05-30,84.12,,
2018-05-31,84.12,,
2018-06-01,82.99,,
2018-06-04,85.42,,
2018-06-05,84.62,,
2018-06-06,84.56,,
2018-06-07,84.95,,
2018-06-08,84.36,,
2018-06-11,84.3,,
2018-06-12,84.1,,
2018-06-13,84.09,,
2018-06-14,83.79,,
2018-06-15,83.7,,
2018-06-18,83,,
2018-06-19,83.61,,
2018-06-20,83.61,,
2018-06-21,84.21,,
2018-06-22,84.82,,
2018-06-25,86.47,,
2018-06-26,85.98,,
2018-06-27,86.89,,
2018-06-28,85.86,,
2018-06-29,85.65,,
2018-07-02,84,,
2018-07-03,84.44,,
2018-07-05,84.57,,
2018-07-06,84.51,,
2018-07-09,85.93,,
2018-07-10,87.21,,
2018-07-11,86.53,,
2018-07-12,86.52,,
2018-07-13,87.7,,
2018-07-16,87.64,,
2018-07-17,88.19,,
2018-07-18,88.07,,
2018-07-19,87.72,,
2018-07-20,88.06,,
2018-07-23,87.63,,
2018-07-24,87.96,,
2018-07-25,87.9,,
2018-07-26,88.23,,
2018-07-27,88.13,,
2018-07-30,88.88,,
2018-07-31,89.23,,
2018-08-01,88.24,,
2018-08-02,88.76,,
2018-08-03,89.6,,
2018-08-06,89.67,,
2018-08-07,89.77,,
2018-08-08,90.05,,
2018-08-09,89.01,,
2018-08-10,90.18,,
2018-08-13,89.64,,
2018-08-14,90.85,,
2018-08-15,90.22,,
2018-08-16,98.64,,
2018-08-17,97.85,,
2018-08-20,96,,
2018-08-21,96.08,,
2018-08-22,95.67,,
2018-08-23,95.18,,
2018-08-24,94.95,,
2018-08-27,94.54,,
2018-08-28,96.07,,
2018-08-29,95.64,,
2018-08-30,96.1,,
2018-08-31,95.86,,
2018-09-04,95.36,,
2018-09-05,96.62,,
2018-09-06,96.45,,
2018-09-07,95.83,,
2018-09-10,96.9,,
2018-09-11,96.64,,
2018-09-12,95.97,,
2018-09-13,95.12,,
2018-09-14,94.59,,
2018-09-17,94.82,,
2018-09-18,95.43,,
2018-09-19,95.24,,
2018-09-20,95.75,,
2018-09-21,95.9,,
2018-09-24,94.92,,
2018-09-25,95.1,,
2018-09-26,94.59,,
2018-09-27,94.13,,
2018-09-28,93.91,,
2018-10-01,94.4,,
2018-10-02,95.15,,
2018-10-03,94.07,,
2018-10-04,94.21,,
2018-10-05,93.31,,
2018-10-08,94.69,,
2018-10-09,97.08,,
2018-10-10,95.76,,
2018-10-11,93.92,,
2018-10-12,94.81,,
2018-10-15,93.82,,
2018-10-16,95.81,,
2018-10-17,96.56,,
2018-10-18,96.17,,
2018-10-19,97.15,,
2018-10-22,97.14,,
2018-10-23,97.8,,
2018-10-24,97.56,,
2018-10-25,99.18,,
2018-10-26,98.94,,
2018-10-29,99.8,,
2018-10-30,102.42,,
2018-10-31,100.28,,
2018-11-01,100.58,,
2018-11-02,101.34,,
2018-11-05,102.91,,
2018-11-06,103.33,,
2018-11-07,104.32,,
2018-11-08,104.88,,
2018-11-09,105.56,,
2018-11-12,103.87,,
2018-11-13,102.94,,
2018-11-14,101.53,,
2018-11-15,99.54,,
2018-11-16,97.69,,
2018-11-19,96.78,,
2018-11-20,94.16,,
2018-11-21,94.17,,
2018-11-23,95.1,,
2018-11-26,95.15,,
2018-11-27,95.04,,
2018-11-28,97.46,,
2018-11-29,97.29,,
2018-11-30,97.65,,
2018-12-03,98.75,,
2018-12-04,95.81,,
2018-12-06,94.77,,
2018-12-07,93.19,,
2018-12-10,93.94,,
2018-12-11,93.85,,
2018-12-12,93.11,,
2018-12-13,92.96,,
2018-12-14,91.85,,
2018-12-17,90.77,,
2018-12-18,91.08,,
2018-12-19,90.55,,
2018-12-20,87.28,,
2018-12-21,87.13,,
2018-12-24,85.82,,
2018-12-26,90.41,,
2018-12-27,91.59,,
2018-12-28,92.13,,
2018-12-31,93.15,,
2019-01-02,93.34,,
2019-01-03,92.86,,
2019-01-04,93.44,,
2019-01-07,94.54,,
2019-01-08,95.2,,
2019-01-09,94.89,,
2019-01-10,94.96,,
2019-01-11,94.84,,
2019-01-14,94.95,,
2019-01-15,96.25,,
2019-01-16,96.35,,
2019-01-17,96.74,,
2019-01-18,97.73,,
2019-01-22,97.49,,
2019-01-23,98.71,,
2019-01-24,98.36,,
2019-01-25,96.94,,
2019-01-28,97.06,,
2019-01-29,96.71,,
2019-01-30,94.8,,
2019-01-31,95.83,,
2019-02-01,93.86,,
2019-02-04,94.77,,
2019-02-05,95.6,,
2019-02-06,95.64,,
2019-02-07,96.73,,
2019-02-08,95.58,,
2019-02-11,96.2,,
2019-02-12,96.97,,
2019-02-13,97.94,,
2019-02-14,98.52,,
2019-02-15,99.99,,
2019-02-19,102.2,,
2019-02-20,99.88,,
2019-02-21,99.39,,
2019-02-22,99.55,,
2019-02-25,99.12,,
2019-02-26,98.69,,
2019-02-27,98.11,,
2019-02-28,98.99,,
2019-03-01,97.93,,
2019-03-04,97.85,,
2019-03-05,98.34,,
2019-03-06,98.26,,
2019-03-07,97.45,,
2019-03-08,97.59,,
2019-03-11,98.48,,
2019-03-12,98.37,,
2019-03-13,99.03,,
2019-03-14,98.22,,
2019-03-15,98.42,,
2019-03-18,99.66,,
2019-03-19,99.85,,
2019-03-20,98.64,,
2019-03-21,99.06,,
2019-03-22,98.28,,
2019-03-25,98.17,,
2019-03-26,98.32,,
2019-03-27,97.21,,
2019-03-28,97.13,,
2019-03-29,97.53,,
2019-04-01,97.82,,
2019-04-02,96.94,,
2019-04-03,97.19,,
2019-04-04,98.11,,
2019-04-05,98.83,,
2019-04-08,99.23,,
2019-04-09,98.69,,
2019-04-10,99.6,,
2019-04-11,100.8,,
2019-04-12,101.56,,
2019-04-15,102.43,,
2019-04-16,102.93,,
2019-04-17,103.16,,
2019-04-18,103.18,,
2019-04-22,102.37,,
2019-04-23,103.07,,
2019-04-24,103.53,,
2019-04-25,103.52,,
2019-04-26,101.53,,
2019-04-29,101.56,,
2019-04-30,102.84,,
,,,
,,,
,,,
,,,
,,,
,,,
,,,
,,,
,,,
,,,
,,,
,,,
,,,
,,,
,,,
,,,
,,,
,,,
,,,
,,,
,,,
,,,
,,,
,,,
,,,
,,,
,,,
,,,
,,,
,,,
,,,
,,,
,,,
,,,
,,,
,,,
,,,
,,,
,,,
,,,
,,,
,,,
,,,
,,,
,,,
,,,
,,,
,,,
,,,
,,,
,,,
,,,
,,,
,,,
,,,
,,,
,,,
,,,
,,,
,,,
,,,
,,,
,,,
,,,
,,,
,,,
,,,
,,,
,,,
,,,
,,,
,,,
,,,
,,,
,,,
,,,
,,,
,,,
,,,
,,,
,,,
,,,
,,,
,,,
,,,
,,,
,,,
,,,
,,,
,,,
,,,
,,,
,,,
,,,
,,,
,,,
,,,
,,,
,,,
,,,
,,,
,,,
,,,
,,,
,,,
,,,
,,,
,,,
,,,
,,,
,,,
,,,
,,,
,,,
,,,
,,,
,,,
,,,
,,,
,,,
,,,
,,,
,,,
,,,
,,,
,,,
,,,
,,,
,,,
,,,
,,,
,,,
,,,
,,,
,,,
,,,
,,,
,,,
,,,
,,,
,,,
,,,
,,,
,,,
,,,
,,,
,,,
,,,
,,,
,,,
,,,
,,,
,,,
,,,
,,,
,,,
,,,
,,,
,,,
,,,
,,,
,,,
,,,
,,,
,,,
,,,
,,,
,,,
,,,
,,,
,,,
,,,
,,,
,,,
,,,
,,,
,,,
,,,
,,,
,,,
,,,
,,,
,,,
,,,
,,,
,,,
,,,
,,,
,,,
,,,
,,,
,,,
,,,
,,,
,,,
,,,
,,,
,,,
,,,
,,,
,,,
,,,
,,,
,,,
,,,
,,,
,,,
,,,
,,,
,,,
,,,
,,,
,,,
,,,
,,,
,,,
,,,
,,,
,,,
,,,
,,,
,,,
,,,
,,,
,,,
,,,
,,,
,,,
,,,
,,,
,,,
,,,
,,,
,,,
,,,
,,,
,,,
,,,
,,,
,,,
,,,
,,,
,,,
,,,
,,,
,,,
,,,
,,,
,,,
,,,
,,,
,,,
,,,
,,,
,,,
,,,
,,,
,,,
,,,
,,,
,,,
,,,
,,,
,,,
,,,
,,,
,,,
,,,
,,,
,,,
,,,
,,,
,,,
,,,
,,,
,,,
,,,
,,,
,,,
,,,
,,,
,,,
,,,
,,,
,,,
,,,
,,,
,,,
,,,
,,,
,,,
,,,
,,,
,,,
,,,
,,,
,,,
,,,
,,,
,,,
,,,
,,,
,,,
,,,
,,,
,,,
,,,
,,,
,,,
,,,
,,,
,,,
,,,
,,,
,,,
,,,
,,,
,,,
,,,
,,,
,,,
,,,
,,,
,,,
,,,
,,,
,,,
,,,
,,,
,,,
,,,
,,,
,,,
,,,
,,,
,,,
,,,
,,,
,,,
,,,
,,,
,,,
,,,
,,,
,,,
,,,
,,,
,,,
,,,
,,,
,,,
,,,
,,,
,,,
,,,
,,,
,,,
,,,
,,,
,,,
,,,
,,,
,,,
,,,
,,,
,,,
,,,
,,,
,,,
,,,
,,,
,,,
,,,
,,,
,,,
,,,
,,,
,,,
,,,
,,,
,,,
,,,
,,,
,,,
,,,
,,,
,,,
,,,
,,,
,,,
,,,
,,,
,,,
,,,
,,,
,,,
,,,
,,,
,,,
,,,
,,,
,,,
,,,
,,,
,,,
,,,
,,,
,,,
,,,
,,,
,,,
,,,
,,,
,,,
,,,
,,,
,,,
,,,
,,,
,,,
,,,
,,,
,,,
,,,
,,,
,,,
,,,
,,,
,,,
,,,
,,,
,,,
,,,
,,,
,,,
,,,
,,,
,,,
,,,
,,,
,,,
,,,
,,,
,,,
,,,
,,,
,,,
,,,
,,,
,,,
,,,
,,,
,,,
,,,
,,,
,,,
,,,
,,,
,,,
,,,
,,,
,,,
,,,
,,,
,,,
,,,
,,,
,,,
,,,
,,,
,,,
,,,
,,,
,,,
,,,
,,,
,,,
,,,
,,,
,,,
,,,
,,,
,,,
,,,
,,,
,,,
,,,
,,,
,,,
,,,
,,,
,,,
,,,
,,,
,,,
,,,
,,,
,,,
,,,
,,,
